"CIUO88_AC","CIUO88OIT","CNO70","SENA2003"
" 0110 ",NA,NA,NA
" 0120 ","0110",NA,NA
" 0130 ","0110",NA,NA
" 0210 ","0110",NA,NA
" 0220 ","5162"," 58220 "," 0642 "
" 0230 ","5162"," 58220 ",NA
" 0240 ","5162"," 58220 "," 6363 "
" 1110 ","<NA>",NA,NA
" 1121 ","1110"," 20110 "," 0011 "
" 1122 ","1120"," 03960 "," 0012 "
" 1122 ",NA," 21155 "," 0413 "
" 1122 ",NA," 13940 "," 0013 "
" 1122 ",NA," 21160 "," 0414 "
" 1122 ",NA," 20110 "," 0014 "
" 1122 ",NA," 21165 "," 0422 "
" 1122 ",NA," 20210 "," 0015 "
" 1122 ",NA," 21170 "," 0511 "
" 1122 ",NA," 21110 "," 0016 "
" 1122 ",NA," 21175 "," 0512 "
" 1122 ",NA," 21120 "," 0411 "
" 1122 ",NA," 21180 "," 4174 "
" 1122 ",NA," 21130 "," 0412 "
" 1122 ",NA," 21185 ",NA
" 1122 ",NA," 21140 ",NA
" 1122 ",NA," 21190 ",NA
" 1130 ","<NA>"," 31010 "," 0012 "
" 1130 ",NA,NA," 0512 "
" 1130 ",NA,NA," 0643 "
" 1130 ",NA,NA," 0821 "
" 1130 ",NA,NA," 0912 "
" 1141 ","1130"," 20110 "," 0012 "
" 1142 ","1141"," 21110 "," 0014 "
" 1143 ","1142"," 21110 "," 0014 "
" 1211 ","1143"," 21110 "," 0012 "
" 1211 ",NA,NA," 0015 "
" 1212 ","1210"," 03960 "," 0013 "
" 1212 ",NA," 42130 "," 0651 "
" 1212 ",NA," 13940 "," 0014 "
" 1212 ",NA," 50020 "," 0712 "
" 1212 ",NA," 13960 "," 0015 "
" 1212 ",NA," 50030 "," 0811 "
" 1212 ",NA," 17420 "," 0016 "
" 1212 ",NA," 50090 "," 0821 "
" 1212 ",NA," 21110 "," 0311 "
" 1212 ",NA," 51020 "," 1215 "
" 1212 ",NA," 21120 "," 0421 "
" 1212 ",NA," 51030 "," 1222 "
" 1212 ",NA," 21130 "," 0422 "
" 1212 ",NA," 51040 "," 6212 "
" 1212 ",NA," 21140 "," 0423 "
" 1212 ",NA," 51050 "," 6213 "
" 1212 ",NA," 21150 "," 0511 "
" 1212 ",NA," 51060 "," 7231 "
" 1212 ",NA," 21155 "," 0512 "
" 1212 ",NA," 51070 "," 7233 "
" 1212 ",NA," 21160 "," 0621 "
" 1212 ",NA," 51090 "," 7334 "
" 1212 ",NA," 21165 "," 0632 "
" 1212 ",NA," 59220 ",NA
" 1212 ",NA," 21170 ",NA
" 1212 ",NA," 60020 ",NA
" 1212 ",NA," 60030 ",NA
" 1212 ",NA," 61110 ",NA
" 1212 ",NA," 61240 ",NA
" 1212 ",NA," 61250 ",NA
" 1212 ",NA," 61260 ",NA
" 1311 ","<NA>"," 42170 "," 0013 "
" 1311 ",NA,NA," 0611 "
" 1311 ",NA,NA," 0621 "
" 1311 ",NA,NA," 0911 "
" 1311 ",NA,NA," 0912 "
" 1311 ",NA,NA," 1214 "
" 1311 ",NA,NA," 6212 "
" 1312 ","1311"," 21190 "," 0712 "
" 1312 ",NA," 60020 "," 1312 "
" 1313 ","1312"," 21120 "," 0016 "
" 1313 ",NA," 21130 "," 0211 "
" 1313 ",NA," 21150 "," 0711 "
" 1313 ",NA," 21210 "," 0911 "
" 1313 ",NA," 92215 "," 0912 "
" 1314 ","1313"," 21140 "," 0811 "
" 1314 ",NA," 21210 "," 1314 "
" 1315 ","1314"," 21210 "," 0611 "
" 1315 ",NA," 40020 "," 0621 "
" 1315 ",NA," 40030 "," 0812 "
" 1315 ",NA," 41020 ",NA
" 1316 ","1315"," 21210 "," 6031 "
" 1316 ",NA,NA," 1316 "
" 1317 ","1316"," 15980 "," 0015 "
" 1317 ",NA," 35925 "," 0131 "
" 1317 ",NA," 17440 "," 0132 "
" 1317 ",NA," 35940 "," 0512 "
" 1317 ",NA," 21210 "," 0812 "
" 1317 ",NA," 35950 "," 2272 "
" 1317 ",NA," 21960 "," 1317 "
" 1317 ",NA," 35970 ",NA
" 1317 ",NA," 21970 ",NA
" 1317 ",NA," 35975 ",NA
" 1317 ",NA," 35110 ",NA
" 1317 ",NA," 35980 ",NA
" 1317 ",NA," 35210 ",NA
" 1317 ",NA," 35990 ",NA
" 1317 ",NA," 36020 ",NA
" 1318 ","1317"," 21210 "," 0013 "
" 1318 ",NA," 30050 "," 0121 "
" 1318 ",NA," 33225 "," 0122 "
" 1318 ",NA," 33230 "," 0123 "
" 1318 ",NA," 33235 "," 0212 "
" 1318 ",NA," 33240 "," 0611 "
" 1319 ","1319"," 17490 "," 0014 "
" 1319 ",NA," 21210 "," 0311 "
" 1319 ",NA," 50050 "," 0413 "
" 1319 ",NA,NA," 0422 "
" 1319 ",NA,NA," 4141 "
" 1321 ","1319"," 21210 "," 0114 "
" 1321 ",NA,NA," 0822 "
" 1322 ","1231"," 21940 "," 0016 "
" 1322 ",NA," 30040 "," 0122 "
" 1322 ",NA," 21950 "," 0111 "
" 1322 ",NA," 33220 "," 0212 "
" 1322 ",NA," 30010 "," 0114 "
" 1322 ",NA," 44115 "," 0511 "
" 1322 ",NA," 30020 "," 0121 "
" 1322 ",NA," 50040 "," 6333 "
" 1323 ","1232"," 21980 "," 0013 "
" 1323 ",NA," 30010 "," 0114 "
" 1323 ",NA,NA," 0015 "
" 1323 ",NA,NA," 0211 "
" 1323 ",NA,NA," 0513 "
" 1324 ","1233"," 21930 "," 0013 "
" 1324 ",NA," 42120 "," 0612 "
" 1324 ",NA," 21935 "," 0016 "
" 1324 ",NA," 42190 "," 0621 "
" 1324 ",NA," 30010 "," 0123 "
" 1324 ",NA,NA," 1228 "
" 1325 ","1234"," 15960 "," 0122 "
" 1325 ",NA," 21975 "," 0612 "
" 1325 ",NA," 21985 "," 0123 "
" 1325 ",NA," 30010 "," 1228 "
" 1325 ",NA,NA," 0512 "
" 1325 ",NA,NA," 4174 "
" 1325 ",NA,NA," 0611 "
" 1326 ","1235"," 21990 "," 0113 "
" 1326 ",NA," 30090 "," 0812 "
" 1326 ",NA," 30010 "," 0114 "
" 1326 ",NA," 42210 "," 0821 "
" 1327 ","1236"," 30010 "," 0013 "
" 1329 ","1237"," 21920 "," 0211 "
" 1329 ",NA," 30010 "," 1237 "
" 1329 ",NA,NA," 0212 "
" 1329 ",NA,NA," 4121 "
" 1329 ",NA,NA," 1329 "
" 1411 ","1239"," 30010 "," 0013 "
" 1411 ",NA,NA," 0821 "
" 1411 ",NA,NA," 0822 "
" 1412 ","3411"," 30010 "," 3412 "
" 1412 ",NA," 33215 "," 1121 "
" 1412 ",NA," 30020 "," 1211 "
" 1412 ",NA," 33240 "," 1212 "
" 1412 ",NA," 30030 "," 1221 "
" 1412 ",NA," 33220 "," 6212 "
" 1412 ",NA," 30040 "," 6223 "
" 1412 ",NA," 33225 ",NA
" 1412 ",NA," 30050 ",NA
" 1412 ",NA," 33230 ",NA
" 1412 ",NA," 30090 ",NA
" 1412 ",NA," 33235 ",NA
" 1412 ",NA," 31050 ",NA
" 1412 ",NA," 33240 ",NA
" 1412 ",NA," 31060 ",NA
" 1413 ","3415"," 42120 "," 5220 "
" 1413 ",NA," 42190 "," 6211 "
" 1413 ",NA," 42140 "," 6212 "
" 1413 ",NA," 42210 "," 1413 "
" 1413 ",NA," 42150 ",NA
" 1414 ","2451",NA," 3132 "
" 1414 ",NA,NA," 1211 "
" 1414 ",NA,NA," 5125 "
" 1414 ",NA,NA," 4112 "
" 1414 ",NA,NA," 1213 "
" 1415 ","4131"," 30010 "," 1215 "
" 1415 ",NA," 39220 "," 6212 "
" 1415 ",NA," 39140 ",NA
" 1416 ","3121",NA," 2145 "
" 1416 ",NA,NA," 4175 "
" 1419 ","1319",NA," 1121 "
" 1419 ",NA,NA," 4173 "
" 1419 ",NA,NA," 4211 "
" 1421 ","7111"," 70010 "," 7211 "
" 1421 ",NA,NA," 6223 "
" 1421 ",NA,NA," 1221 "
" 1422 ","<NA>"," 60040 "," 7221 "
" 1422 ",NA," 60050 "," 7231 "
" 1422 ",NA," 63220 "," 7222 "
" 1422 ",NA," 70010 "," 7233 "
" 1422 ",NA,NA," 7223 "
" 1422 ",NA,NA," 7334 "
" 1423 ","7111"," 70015 "," 7211 "
" 1423 ",NA," 70025 "," 9211 "
" 1423 ",NA,NA," 7211 "
" 1423 ",NA,NA," 9212 "
" 1423 ",NA,NA," 1423 "
" 1424 ","<NA>"," 70010 "," 8214 "
" 1424 ",NA," 70065 "," 9221 "
" 1424 ",NA," 70020 "," 8215 "
" 1424 ",NA," 70070 "," 9222 "
" 1424 ",NA," 70025 "," 9211 "
" 1424 ",NA," 70075 "," 9223 "
" 1424 ",NA," 70030 "," 9212 "
" 1424 ",NA," 70080 "," 9224 "
" 1424 ",NA," 70035 "," 9213 "
" 1424 ",NA," 70085 "," 9225 "
" 1424 ",NA," 70040 "," 9214 "
" 1424 ",NA," 70088 "," 9226 "
" 1424 ",NA," 70050 "," 9215 "
" 1424 ",NA," 70090 "," 9227 "
" 1424 ",NA," 70060 "," 9216 "
" 1424 ",NA,NA," 9228 "
" 1425 ","<NA>"," 70055 "," 7211 "
" 1425 ",NA," 95105 "," 8217 "
" 1425 ",NA," 95910 "," 8213 "
" 1425 ",NA,NA," 8218 "
" 1425 ",NA,NA," 1425 "
" 1426 ","7422"," 84505 "," 2274 "
" 1426 ",NA,NA," 8216 "
" 1426 ",NA,NA," 8393 "
" 1426 ",NA,NA," 1426 "
" 1427 ","<NA>"," 19930 "," 1211 "
" 1427 ",NA," 52090 "," 6214 "
" 1427 ",NA," 52030 "," 3151 "
" 1427 ",NA," 53220 "," 6241 "
" 1427 ",NA," 52040 "," 6213 "
" 1427 ",NA," 54060 "," 6353 "
" 1427 ",NA," 52060 "," 1427 "
" 1427 ",NA," 70045 ",NA
" 1428 ","<NA>"," 35935 "," 1214 "
" 1428 ",NA,NA," 8212 "
" 1428 ",NA,NA," 8221 "
" 1428 ",NA,NA," 8222 "
" 1429 ","<NA>"," 52010 "," 3151 "
" 2111 ","1429"," 59925 "," 6343 "
" 2111 ",NA,NA," 8218 "
" 2112 ","2111"," 01210 "," 2111 "
" 2112 ",NA," 01270 "," 2114 "
" 2112 ",NA," 01220 ",NA
" 2112 ",NA," 01280 ",NA
" 2112 ",NA," 01230 ",NA
" 2112 ",NA," 01290 ",NA
" 2112 ",NA," 01350 ",NA
" 2112 ",NA," 01390 ",NA
" 2113 ","2114"," 01340 "," 2114 "
" 2114 ","2113"," 01110 "," 2112 "
" 2114 ",NA," 01150 "," 2121 "
" 2114 ",NA," 01120 ",NA
" 2114 ",NA," 01190 ",NA
" 2114 ",NA," 01130 ",NA
" 2114 ",NA," 01390 ",NA
" 2114 ",NA," 05270 ",NA
" 2121 ","2114"," 01322 "," 2113 "
" 2121 ",NA," 01390 ",NA
" 2121 ",NA," 01330 ",NA
" 2122 ","2121"," 08220 "," 2161 "
" 2122 ",NA," 08240 ",NA
" 2122 ",NA," 08230 ",NA
" 2122 ",NA," 08250 ",NA
" 2130 ","2122"," 08110 "," 2161 "
" 2130 ",NA," 08130 ",NA
" 2130 ",NA," 08120 ",NA
" 2141 ","2131"," 02390 "," 2145 "
" 2141 ",NA," 08420 "," 2162 "
" 2141 ",NA," 08240 ",NA
" 2142 ","2141"," 02120 "," 2151 "
" 2142 ",NA," 02140 "," 2152 "
" 2142 ",NA," 02130 ",NA
" 2143 ","2141"," 02210 "," 2131 "
" 2143 ",NA," 02250 "," 2146 "
" 2143 ",NA," 02220 ",NA
" 2143 ",NA," 02255 ",NA
" 2143 ",NA," 02230 ",NA
" 2143 ",NA," 02260 ",NA
" 2143 ",NA," 02290 ",NA
" 2143 ",NA," 02950 ",NA
" 2144 ","2143"," 02305 "," 2133 "
" 2144 ",NA," 02330 "," 2134 "
" 2144 ",NA," 02310 ",NA
" 2144 ",NA," 02340 ",NA
" 2144 ",NA," 02320 ",NA
" 2144 ",NA," 02390 ",NA
" 2145 ","2145"," 02410 "," 2132 "
" 2145 ",NA," 02460 ",NA
" 2145 ",NA," 02420 ",NA
" 2145 ",NA," 02470 ",NA
" 2145 ",NA," 02480 ",NA
" 2145 ",NA," 02485 ",NA
" 2145 ",NA," 02490 ",NA
" 2146 ","2149"," 02810 "," 2141 "
" 2146 ",NA," 02840 ",NA
" 2146 ",NA," 02820 ",NA
" 2146 ",NA," 02890 ",NA
" 2147 ","2146"," 02510 "," 2135 "
" 2147 ",NA," 02520 "," 2146 "
" 2147 ",NA," 02590 ",NA
" 2148 ","2147"," 02620 "," 2142 "
" 2148 ",NA," 02720 "," 2143 "
" 2148 ",NA," 02630 "," 2144 "
" 2148 ",NA," 02730 ",NA
" 2148 ",NA," 02690 ",NA
" 2148 ",NA," 02740 ",NA
" 2148 ",NA," 02710 ",NA
" 2148 ",NA," 02790 ",NA
" 2149 ","2148",NA," 2153 "
" 2211 ","2149"," 02390 "," 2133 "
" 2211 ",NA," 02960 "," 2251 "
" 2211 ",NA," 02450 "," 2146 "
" 2211 ",NA," 02990 ",NA
" 2211 ",NA," 02930 ",NA
" 2211 ",NA," 16240 ",NA
" 2212 ","2211"," 05110 "," 2111 "
" 2212 ",NA," 05190 "," 3114 "
" 2212 ",NA," 05120 "," 2121 "
" 2212 ",NA," 05250 ",NA
" 2212 ",NA," 05130 ",NA
" 2212 ",NA," 05290 ",NA
" 2213 ","2213"," 05280 "," 2122 "
" 2213 ",NA," 05340 "," 2123 "
" 2213 ",NA," 05310 ",NA
" 2213 ",NA," 05350 ",NA
" 2213 ",NA," 05320 ",NA
" 2213 ",NA," 05360 ",NA
" 2213 ",NA," 05390 ",NA
" 2221 ","2221"," 06105 "," 3111 "
" 2221 ",NA," 06160 "," 3112 "
" 2221 ",NA," 06110 ",NA
" 2221 ",NA," 06165 ",NA
" 2221 ",NA," 06120 ",NA
" 2221 ",NA," 06170 ",NA
" 2221 ",NA," 06175 ",NA
" 2221 ",NA," 06180 ",NA
" 2221 ",NA," 06190 ",NA
" 2222 ","2222"," 06310 "," 3113 "
" 2222 ",NA," 06330 ",NA
" 2222 ",NA," 06320 ",NA
" 2222 ",NA," 07990 ",NA
" 2223 ","2223"," 06510 "," 3114 "
" 2223 ",NA," 06590 ",NA
" 2223 ",NA," 06520 ",NA
" 2224 ","3224"," 07520 "," 3121 "
" 2225 ","3226"," 07620 "," 3141 "
" 2225 ",NA,NA," 3143 "
" 2225 ",NA,NA," 3212 "
" 2226 ","2230"," 07110 "," 3151 "
" 2226 ",NA," 07140 ",NA
" 2226 ",NA," 07120 ",NA
" 2226 ",NA," 07190 ",NA
" 2227 ","3223"," 06920 "," 3132 "
" 2229 ","<NA>",NA," 3215 "
" 2311 ","2310"," 13120 "," 4121 "
" 2311 ",NA," 13155 ",NA
" 2311 ",NA," 13125 ",NA
" 2311 ",NA," 13160 ",NA
" 2311 ",NA," 13165 ",NA
" 2311 ",NA," 13170 ",NA
" 2311 ",NA," 13175 ",NA
" 2311 ",NA," 13180 ",NA
" 2311 ",NA," 13185 ",NA
" 2312 ","2320"," 13215 "," 4141 "
" 2312 ",NA," 13260 ",NA
" 2312 ",NA," 13220 ",NA
" 2312 ",NA," 13270 ",NA
" 2312 ",NA," 13275 ",NA
" 2312 ",NA," 13280 ",NA
" 2312 ",NA," 13290 ",NA
" 2313 ","2331"," 13320 "," 4142 "
" 2313 ",NA," 13390 ",NA
" 2314 ","2332"," 13420 "," 4143 "
" 2314 ",NA," 13490 ",NA
" 2320 ","2340"," 13520 "," 4243 "
" 2320 ",NA," 13540 ",NA
" 2320 ",NA," 13530 ",NA
" 2320 ",NA," 13590 ",NA
" 2331 ","2351"," 13920 "," 4122 "
" 2331 ",NA," 13930 "," 4173 "
" 2332 ","2352"," 13950 "," 4173 "
" 2333 ","<NA>"," 19430 "," 4144 "
" 2339 ","2359"," 13990 ",NA
" 2411 ","2411"," 11010 "," 1111 "
" 2411 ",NA," 11020 ",NA
" 2411 ",NA," 11015 ",NA
" 2411 ",NA," 11090 ",NA
" 2412 ","2412"," 19420 "," 1121 "
" 2412 ",NA," 19490 "," 4175 "
" 2412 ",NA," 19450 "," 1122 "
" 2412 ",NA,NA," 4212 "
" 2413 ","3411"," 44140 "," 1112 "
" 2413 ",NA," 44190 "," 2419 "
" 2413 ",NA," 44150 ",NA
" 2419 ","2419"," 19920 "," 4216 "
" 2421 ","2421"," 12110 "," 4112 "
" 2421 ",NA," 12910 ",NA
" 2422 ","2422"," 12210 "," 4111 "
" 2422 ",NA," 12230 ",NA
" 2422 ",NA," 12220 ",NA
" 2429 ","2429"," 12240 "," 4112 "
" 2431 ","2431"," 19130 "," 5112 "
" 2431 ",NA," 19150 "," 5113 "
" 2431 ",NA," 19140 ",NA
" 2431 ",NA," 19190 ",NA
" 2432 ","2432"," 19120 "," 5111 "
" 2432 ",NA," 39520 ",NA
" 2432 ",NA," 19190 ",NA
" 2441 ","2441"," 09010 "," 4171 "
" 2441 ",NA," 09030 "," 4172 "
" 2441 ",NA," 09020 ",NA
" 2442 ","2442"," 19220 "," 4161 "
" 2442 ",NA," 19250 "," 4173 "
" 2442 ",NA," 19240 ",NA
" 2442 ",NA," 19290 ",NA
" 2443 ","2443"," 19260 "," 4162 "
" 2443 ",NA," 19290 ",NA
" 2443 ",NA," 19270 ",NA
" 2444 ","2444"," 19520 "," 4162 "
" 2444 ",NA," 19540 "," 5124 "
" 2444 ",NA," 19530 ",NA
" 2445 ","2445"," 19230 "," 4151 "
" 2446 ","2446",NA," 4152 "
" 2449 ","<NA>",NA," 4173 "
" 2451 ","2451"," 15120 "," 5121 "
" 2451 ",NA," 15940 "," 5123 "
" 2451 ",NA," 15130 "," 5122 "
" 2451 ",NA," 15945 ",NA
" 2451 ",NA," 15915 ",NA
" 2451 ",NA," 15950 ",NA
" 2451 ",NA," 15970 ",NA
" 2451 ",NA," 15990 ",NA
" 2452 ","2452"," 16120 "," 5112 "
" 2452 ",NA," 16150 "," 5211 "
" 2452 ",NA," 16130 "," 5136 "
" 2452 ",NA," 16160 ",NA
" 2452 ",NA," 16140 ",NA
" 2452 ",NA," 16190 ",NA
" 2453 ","2453"," 17120 "," 5132 "
" 2453 ",NA," 17145 "," 5133 "
" 2453 ",NA," 17130 ",NA
" 2453 ",NA," 17150 ",NA
" 2453 ",NA," 17135 ",NA
" 2453 ",NA," 17190 ",NA
" 2454 ","2454"," 17220 "," 5131 "
" 2454 ",NA," 17230 "," 5134 "
" 2455 ","2455"," 17320 "," 5131 "
" 2455 ",NA," 17350 "," 5135 "
" 2455 ",NA," 17330 ",NA
" 2455 ",NA," 17390 ",NA
" 2455 ",NA," 17340 ",NA
" 2455 ",NA," 17430 ",NA
" 2456 ","2419"," 15955 "," 1122 "
" 2460 ","2460"," 14120 "," 4153 "
" 2460 ",NA," 14190 "," 4215 "
" 3111 ","3111"," 01420 "," 2211 "
" 3111 ",NA," 01490 "," 2213 "
" 3111 ",NA," 01430 "," 2212 "
" 3111 ",NA," 03630 "," 2231 "
" 3112 ","3112"," 03110 "," 2248 "
" 3112 ",NA," 03310 "," 2231 "
" 3112 ",NA," 03120 "," 2254 "
" 3112 ",NA," 03320 "," 2253 "
" 3112 ",NA," 03130 ",NA
" 3112 ",NA," 03330 ",NA
" 3112 ",NA," 03340 ",NA
" 3112 ",NA," 03390 ",NA
" 3113 ","3113"," 03405 "," 2241 "
" 3113 ",NA," 03420 "," 2244 "
" 3113 ",NA," 03410 ",NA
" 3113 ",NA," 03490 ",NA
" 3114 ","3114"," 03410 "," 2232 "
" 3114 ",NA," 03490 "," 2242 "
" 3114 ",NA," 03430 ",NA
" 3114 ",NA," 85215 ",NA
" 3115 ","3115"," 03510 "," 2232 "
" 3115 ",NA," 03550 "," 8375 "
" 3115 ",NA," 03520 "," 8342 "
" 3115 ",NA," 03560 "," 8381 "
" 3115 ",NA," 03530 "," 8374 "
" 3115 ",NA," 03590 ",NA
" 3115 ",NA," 03540 ",NA
" 3116 ","2149"," 03610 "," 2211 "
" 3116 ",NA," 03690 "," 2233 "
" 3116 ",NA," 03620 ",NA
" 3116 ",NA," 03920 ",NA
" 3116 ",NA," 03640 ",NA
" 3116 ",NA," 03930 ",NA
" 3116 ",NA," 03940 ",NA
" 3116 ",NA," 05255 ",NA
" 3117 ","3117"," 03720 "," 2212 "
" 3117 ",NA," 03820 "," 7312 "
" 3117 ",NA," 03730 ",NA
" 3117 ",NA," 03890 ",NA
" 3117 ",NA," 03790 ",NA
" 3117 ",NA," 71350 ",NA
" 3117 ",NA," 71370 ",NA
" 3118 ","3118"," 03210 "," 2232 "
" 3118 ",NA," 03260 "," 2252 "
" 3118 ",NA," 03220 "," 2254 "
" 3118 ",NA," 03270 "," 5223 "
" 3118 ",NA," 03230 ",NA
" 3118 ",NA," 03280 ",NA
" 3118 ",NA," 03240 ",NA
" 3118 ",NA," 03290 ",NA
" 3118 ",NA," 03250 ",NA
" 3118 ",NA," 16220 ",NA
" 3119 ","<NA>"," 85715 ",NA
" 3121 ","2131"," 08310 "," 2171 "
" 3122 ","2132"," 08420 "," 2171 "
" 3122 ",NA,NA," 2281 "
" 3122 ",NA,NA," 2173 "
" 3123 ","3122",NA," 2172 "
" 3124 ","3123",NA," 2242 "
" 3131 ","3131"," 16310 "," 5221 "
" 3131 ",NA," 16390 "," 5225 "
" 3131 ",NA," 16320 "," 5222 "
" 3131 ",NA," 16370 "," 5226 "
" 3131 ",NA," 16330 "," 5224 "
" 3131 ",NA," 86220 "," 5227 "
" 3131 ",NA," 16340 ",NA
" 3131 ",NA," 86230 ",NA
" 3131 ",NA," 86290 ",NA
" 3132 ","3132"," 38030 "," 1373 "
" 3132 ",NA," 86130 "," 5225 "
" 3132 ",NA," 38040 "," 5222 "
" 3132 ",NA," 86140 "," 5226 "
" 3132 ",NA," 38050 "," 5224 "
" 3132 ",NA," 86190 "," 5227 "
" 3132 ",NA," 38060 ",NA
" 3132 ",NA," 86240 ",NA
" 3132 ",NA," 86290 ",NA
" 3133 ","3133"," 07710 "," 3113 "
" 3133 ",NA," 07960 "," 3214 "
" 3133 ",NA,NA," 3212 "
" 3133 ",NA,NA," 3234 "
" 3133 ",NA,NA," 3139 "
" 3139 ","3139",NA," 2261 "
" 3141 ","3141"," 04315 "," 2274 "
" 3141 ",NA," 04330 ",NA
" 3141 ",NA," 04320 ",NA
" 3142 ","3142"," 04215 "," 2273 "
" 3142 ",NA," 04240 "," 7241 "
" 3142 ",NA," 04220 ",NA
" 3142 ",NA," 04250 ",NA
" 3142 ",NA," 04230 ",NA
" 3142 ",NA," 04290 ",NA
" 3143 ","3143"," 04120 "," 2271 "
" 3143 ",NA," 04140 "," 8374 "
" 3143 ",NA," 04130 "," 6333 "
" 3143 ",NA," 04150 ",NA
" 3144 ","3144"," 35960 "," 2272 "
" 3144 ",NA," 98960 "," 8484 "
" 3145 ","3145",NA," 2244 "
" 3145 ",NA,NA," 2272 "
" 3151 ","3151"," 58120 "," 2233 "
" 3151 ",NA," 58190 "," 2263 "
" 3152 ","3152"," 03650 "," 1111 "
" 3152 ",NA," 75487 "," 9335 "
" 3152 ",NA," 03660 "," 2211 "
" 3152 ",NA," 78940 "," 9344 "
" 3152 ",NA," 03740 "," 2221 "
" 3152 ",NA," 79570 "," 9355 "
" 3152 ",NA," 04330 "," 2233 "
" 3152 ",NA," 80260 "," 9365 "
" 3152 ",NA," 07940 "," 2261 "
" 3152 ",NA," 84978 "," 9381 "
" 3152 ",NA," 75187 "," 2262 "
" 3152 ",NA," 85920 "," 9382 "
" 3152 ",NA," 75285 "," 2264 "
" 3152 ",NA," 94980 "," 9383 "
" 3152 ",NA,NA," 9384 "
" 3152 ",NA,NA," 9385 "
" 3152 ",NA,NA," 9386 "
" 3152 ",NA,NA," 9387 "
" 3152 ",NA,NA," 9391 "
" 3152 ",NA,NA," 9392 "
" 3152 ",NA,NA," 9394 "
" 3152 ",NA,NA," 9397 "
" 3211 ","3211"," 05420 "," 2121 "
" 3211 ",NA," 05440 "," 3142 "
" 3211 ",NA," 05430 "," 2211 "
" 3211 ",NA," 94920 "," 3211 "
" 3211 ",NA,NA," 3314 "
" 3211 ",NA,NA," 5211 "
" 3212 ","3212"," 05490 "," 2123 "
" 3212 ",NA,NA," 7221 "
" 3212 ",NA,NA," 2221 "
" 3212 ",NA,NA," 7222 "
" 3221 ","3221"," 06210 "," 3112 "
" 3221 ",NA,NA," 3313 "
" 3221 ",NA,NA," 3316 "
" 3222 ","3222",NA," 3313 "
" 3223 ","3224"," 07530 "," 3231 "
" 3223 ",NA," 89172 "," 3234 "
" 3224 ","3225"," 06420 "," 3221 "
" 3224 ",NA," 06440 "," 3312 "
" 3224 ",NA," 06430 "," 3222 "
" 3224 ",NA," 84250 ",NA
" 3225 ","3226"," 07630 "," 3122 "
" 3225 ",NA," 07930 "," 3212 "
" 3225 ",NA," 07640 "," 3141 "
" 3225 ",NA," 07950 "," 3232 "
" 3225 ",NA," 07920 "," 3142 "
" 3225 ",NA," 07990 "," 3233 "
" 3225 ",NA,NA," 3234 "
" 3226 ","3227"," 06610 "," 2221 "
" 3227 ","3228"," 03630 "," 3131 "
" 3227 ",NA," 06810 "," 3315 "
" 3227 ",NA,NA," 3232 "
" 3229 ","<NA>",NA," 3233 "
" 3231 ","3241"," 07990 "," 3232 "
" 3232 ","3242"," 14920 "," 3232 "
" 3233 ","",NA,NA
" 3311 ","<NA>",NA," 4121 "
" 3312 ","3320",NA," 6372 "
" 3320 ","3330",NA," 4214 "
" 3331 ","<NA>",NA," 4131 "
" 3331 ",NA,NA," 5134 "
" 3331 ",NA,NA," 5135 "
" 3332 ","<NA>",NA," 4131 "
" 3332 ",NA,NA," 5244 "
" 3333 ","3340"," 04160 "," 2271 "
" 3411 ","3412"," 19950 "," 1233 "
" 3411 ",NA," 44120 "," 6231 "
" 3411 ",NA," 39350 ",NA
" 3411 ",NA," 44190 ",NA
" 3412 ","3412"," 44130 "," 6232 "
" 3413 ","3414",NA," 6331 "
" 3414 ","3415"," 39375 "," 4172 "
" 3414 ",NA," 44220 "," 6311 "
" 3414 ",NA," 43120 "," 6233 "
" 3414 ",NA," 43240 ",NA
" 3414 ",NA," 43130 ",NA
" 3414 ",NA," 43230 ",NA
" 3414 ",NA," 44240 ",NA
" 3414 ",NA," 44250 ",NA
" 3415 ","3416"," 42220 "," 1224 "
" 3415 ",NA," 42240 "," 6234 "
" 3415 ",NA," 42230 ",NA
" 3416 ","3417"," 44320 "," 1233 "
" 3416 ",NA," 44330 "," 6311 "
" 3419 ","3419",NA,NA
" 3421 ","3421",NA," 6234 "
" 3422 ","3422"," 39160 "," 1226 "
" 3422 ",NA," 39170 "," 1234 "
" 3422 ",NA,NA," 1227 "
" 3423 ","3423",NA," 4212 "
" 3429 ","3429"," 19990 "," 1228 "
" 3429 ",NA," 44230 "," 6234 "
" 3429 ",NA,NA," 5226 "
" 3429 ",NA,NA," 6311 "
" 3431 ","3431"," 39390 "," 1221 "
" 3431 ",NA,NA," 4216 "
" 3431 ",NA,NA," 5212 "
" 3431 ",NA,NA," 0114 "
" 3432 ","3432"," 39340 "," 1225 "
" 3432 ",NA,NA," 4216 "
" 3432 ",NA,NA," 6224 "
" 3432 ",NA,NA," 6231 "
" 3433 ","3433"," 33135 "," 1231 "
" 3433 ",NA," 33145 "," 1331 "
" 3433 ",NA," 33140 "," 1232 "
" 3434 ","3434"," 08490 "," 2161 "
" 3439 ","3439",NA," 1221 "
" 3441 ","3441"," 58260 "," 1226 "
" 3442 ","3442"," 31030 "," 1226 "
" 3442 ",NA," 31040 ",NA
" 3443 ","3443"," 31010 "," 1226 "
" 3444 ","3444"," 31010 "," 1226 "
" 3444 ",NA,NA," 2152 "
" 3449 ","3449"," 31010 "," 1226 "
" 3449 ",NA,NA," 2264 "
" 3450 ","3450"," 20110 "," 1344 "
" 3450 ",NA," 58240 "," 6368 "
" 3450 ",NA," 31020 "," 6361 "
" 3450 ",NA," 58920 ",NA
" 3450 ",NA," 58230 ",NA
" 3450 ",NA," 58925 ",NA
" 3460 ","3460"," 19310 "," 4152 "
" 3460 ",NA," 19350 "," 4211 "
" 3460 ",NA," 19320 ",NA
" 3460 ",NA," 19360 ",NA
" 3460 ",NA," 19340 ",NA
" 3460 ",NA," 19390 ",NA
" 3471 ","3471"," 16215 "," 2232 "
" 3471 ",NA," 16240 "," 5241 "
" 3471 ",NA," 16220 "," 2241 "
" 3471 ",NA," 16250 "," 5242 "
" 3471 ",NA," 16225 "," 2242 "
" 3471 ",NA," 16260 "," 5243 "
" 3471 ",NA," 16230 "," 2251 "
" 3471 ",NA," 16290 "," 5244 "
" 3472 ","3472"," 17920 "," 5123 "
" 3472 ",NA," 17930 "," 5231 "
" 3473 ","3473"," 17145 "," 5133 "
" 3473 ",NA," 17230 "," 5232 "
" 3473 ",NA," 17190 "," 5134 "
" 3474 ","3474"," 17520 "," 5232 "
" 3474 ",NA," 17590 "," 6342 "
" 3474 ",NA," 17530 ",NA
" 3474 ",NA," 17990 ",NA
" 3474 ",NA," 17540 ",NA
" 3474 ",NA," 17990 ",NA
" 3474 ",NA," 19330 ",NA
" 3475 ","3475"," 18020 "," 5251 "
" 3475 ",NA," 18050 "," 5253 "
" 3475 ",NA," 18030 "," 5252 "
" 3475 ",NA," 18090 ",NA
" 3475 ",NA," 18040 ",NA
" 3476 ","XXXX"," 16270 "," 5226 "
" 3480 ","3480"," 14130 "," 4215 "
" 3480 ",NA," 14140 ",NA
" 4111 ","4111"," 32160 "," 1312 "
" 4111 ",NA,NA," 1322 "
" 4112 ","4113"," 32240 "," 1311 "
" 4112 ",NA," 34220 "," 1321 "
" 4112 ",NA," 34130 ",NA
" 4112 ",NA," 34290 ",NA
" 4113 ","4115"," 32115 "," 1311 "
" 4113 ",NA," 32140 ",NA
" 4113 ",NA," 32125 ",NA
" 4113 ",NA," 32150 ",NA
" 4113 ",NA," 32190 ",NA
" 4121 ","4121"," 33110 "," 1331 "
" 4121 ",NA," 33265 "," 1335 "
" 4121 ",NA," 33115 ",NA
" 4121 ",NA," 33920 ",NA
" 4121 ",NA," 33120 ",NA
" 4121 ",NA," 33930 ",NA
" 4121 ",NA," 33940 ",NA
" 4121 ",NA," 33990 ",NA
" 4122 ","4122"," 33245 "," 1333 "
" 4122 ",NA," 33920 "," 1354 "
" 4122 ",NA," 33250 "," 1334 "
" 4122 ",NA," 39940 ",NA
" 4122 ",NA," 33270 ",NA
" 4123 ","4190"," 33310 "," 1312 "
" 4123 ",NA," 39330 "," 1342 "
" 4123 ",NA," 33950 "," 1341 "
" 4123 ",NA," 39990 "," 1344 "
" 4131 ","4131"," 39120 "," 1371 "
" 4131 ",NA," 39150 "," 8492 "
" 4131 ",NA," 39130 "," 1372 "
" 4131 ",NA," 39190 ",NA
" 4131 ",NA," 39140 ",NA
" 4132 ","4132"," 39220 "," 1371 "
" 4132 ",NA," 39230 ",NA
" 4133 ","4133"," 35930 "," 1373 "
" 4133 ",NA," 35945 "," 2272 "
" 4133 ",NA,NA," 1374 "
" 4133 ",NA,NA," 2275 "
" 4141 ","4141"," 39520 "," 1344 "
" 4141 ",NA," 39530 "," 1351 "
" 4142 ","4142"," 33180 "," 1361 "
" 4142 ",NA," 37030 "," 1362 "
" 4142 ",NA," 37020 ",NA
" 4142 ",NA," 37090 ",NA
" 4143 ","4143"," 39930 "," 1352 "
" 4143 ",NA," 39940 "," 1354 "
" 4144 ","4144"," 39340 "," 1343 "
" 4211 ","4211"," 33150 "," 1332 "
" 4211 ",NA," 33170 "," 6323 "
" 4211 ",NA," 33155 ",NA
" 4211 ",NA," 33285 ",NA
" 4211 ",NA," 33160 ",NA
" 4211 ",NA," 33287 ",NA
" 4212 ","4212"," 33180 "," 6323 "
" 4213 ","4213"," 59920 "," 6343 "
" 4213 ",NA," 59930 "," 6642 "
" 4214 ","4214"," 49020 "," 0621 "
" 4215 ","4215"," 33960 "," 1334 "
" 4221 ","4221"," 39440 "," 2272 "
" 4221 ",NA," 39490 "," 6332 "
" 4222 ","4223"," 39410 "," 1313 "
" 4222 ",NA," 39430 "," 6334 "
" 4222 ",NA," 39420 "," 4353 "
" 4222 ",NA," 39490 ",NA
" 4223 ","4223"," 38015 "," 1313 "
" 4223 ",NA," 38090 "," 1375 "
" 4223 ",NA," 38020 ",NA
" 5111 ","5111"," 54070 "," 6333 "
" 5111 ",NA," 59970 "," 6641 "
" 5112 ","5112"," 36040 "," 6323 "
" 5112 ",NA," 36090 "," 8622 "
" 5112 ",NA,NA," 6372 "
" 5113 ","5113"," 59120 "," 5211 "
" 5113 ",NA," 59140 "," 6342 "
" 5113 ",NA," 59130 "," 6341 "
" 5113 ",NA," 59190 ",NA
" 5121 ","5122"," 53130 "," 6355 "
" 5121 ",NA," 53160 "," 6621 "
" 5121 ",NA," 53140 ",NA
" 5121 ",NA," 53190 ",NA
" 5121 ",NA," 53150 ",NA
" 5122 ","5123"," 53210 "," 6353 "
" 5122 ",NA," 53250 "," 6354 "
" 5122 ",NA," 53230 ",NA
" 5122 ",NA," 53290 ",NA
" 5122 ",NA," 53240 ",NA
" 5131 ","5131"," 54035 "," 6372 "
" 5132 ","3231"," 07130 "," 5133 "
" 5132 ",NA," 07210 "," 3311 "
" 5132 ",NA," 07140 "," 3316 "
" 5132 ",NA," 59940 "," 3312 "
" 5139 ","5139"," 06810 "," 3315 "
" 5139 ",NA," 59960 ",NA
" 5139 ",NA," 59950 ",NA
" 5141 ","5141"," 57020 "," 6373 "
" 5141 ",NA," 57060 ",NA
" 5141 ",NA," 57030 ",NA
" 5141 ",NA," 57070 ",NA
" 5141 ",NA," 57090 ",NA
" 5142 ","5142"," 54040 "," 6371 "
" 5143 ","5143"," 59220 "," 6375 "
" 5143 ",NA," 59290 ",NA
" 5143 ",NA," 59230 ",NA
" 5149 ","5149"," 59990 ",NA
" 5150 ","5151"," 19960 "," 6376 "
" 5211 ","5161"," 58110 "," 6364 "
" 5211 ",NA," 58190 "," 8427 "
" 5211 ",NA," 58120 ",NA
" 5211 ",NA," 58990 ",NA
" 5211 ",NA," 58130 ",NA
" 5211 ",NA," 63250 ",NA
" 5212 ","5162"," 58220 "," 6363 "
" 5212 ",NA," 58250 ",NA
" 5213 ","5163"," 58930 "," 6365 "
" 5219 ","5169"," 58990 "," 5252 "
" 5219 ",NA," 59990 "," 6367 "
" 5310 ","5210"," 45140 "," 6324 "
" 5310 ",NA," 59990 ",NA
" 5320 ","5220"," 45120 "," 6321 "
" 5320 ",NA," 45170 "," 6322 "
" 5320 ",NA," 45130 ",NA
" 5320 ",NA," 45180 ",NA
" 5320 ",NA," 45150 ",NA
" 5320 ",NA," 45185 ",NA
" 5320 ",NA," 45190 ",NA
" 5330 ","5230"," 45130 "," 6612 "
" 5330 ",NA," 45240 ",NA
" 5330 ",NA," 45190 ",NA
" 5341 ","9111"," 45220 "," 6612 "
" 5341 ",NA," 45250 ",NA
" 5341 ",NA," 45240 ",NA
" 5341 ",NA," 45290 ",NA
" 5342 ","9113"," 45220 "," 6612 "
" 5342 ",NA," 45230 ",NA
" 6111 ","6111"," 61210 "," 7231 "
" 6111 ",NA," 62270 "," 7331 "
" 6111 ",NA," 61220 ",NA
" 6111 ",NA," 62275 ",NA
" 6111 ",NA," 62230 ",NA
" 6111 ",NA," 62280 ",NA
" 6111 ",NA," 62330 ",NA
" 6112 ","6112"," 61230 "," 7231 "
" 6112 ",NA," 62355 "," 7331 "
" 6112 ",NA," 61280 "," 7233 "
" 6112 ",NA," 62360 "," 7333 "
" 6112 ",NA," 62320 "," 7322 "
" 6112 ",NA," 62370 ",NA
" 6112 ",NA," 62330 ",NA
" 6112 ",NA," 62390 ",NA
" 6112 ",NA," 62940 ",NA
" 6113 ","6113"," 61280 "," 2222 "
" 6113 ",NA," 62790 "," 7331 "
" 6113 ",NA," 62720 "," 7231 "
" 6113 ",NA," 62960 "," 7333 "
" 6113 ",NA," 62730 "," 7233 "
" 6113 ",NA," 62970 "," 7614 "
" 6113 ",NA," 62740 ",NA
" 6113 ",NA," 63230 ",NA
" 6114 ","6141"," 63110 "," 2222 "
" 6114 ",NA," 63240 "," 7613 "
" 6114 ",NA," 63120 "," 7321 "
" 6114 ",NA," 63290 "," 7314 "
" 6114 ",NA," 63130 "," 7322 "
" 6114 ",NA," 74460 "," 9321 "
" 6114 ",NA," 63140 ",NA
" 6114 ",NA," 74930 ",NA
" 6115 ","6130"," 62105 "," 7334 "
" 6121 ","6121"," 62410 "," 6374 "
" 6121 ",NA," 62465 "," 7332 "
" 6121 ",NA," 62420 "," 7231 "
" 6121 ",NA," 62470 "," 7334 "
" 6121 ",NA," 62430 "," 7232 "
" 6121 ",NA," 62490 ",NA
" 6121 ",NA," 62440 ",NA
" 6121 ",NA," 62510 ",NA
" 6121 ",NA," 62590 ",NA
" 6122 ","6122"," 61270 "," 7231 "
" 6122 ",NA," 62620 "," 7335 "
" 6122 ",NA," 62610 "," 7332 "
" 6122 ",NA," 62690 ",NA
" 6123 ","6123"," 62920 "," 7231 "
" 6123 ",NA," 62930 ",NA
" 6129 ","6129"," 62480 "," 6374 "
" 6129 ",NA," 62490 "," 7332 "
" 6129 ",NA,NA," 7231 "
" 6131 ","6151"," 64920 "," 7234 "
" 6131 ",NA," 64930 ",NA
" 6131 ",NA," 64925 ",NA
" 6131 ",NA," 64990 ",NA
" 6132 ","6152"," 64120 "," 7341 "
" 6132 ",NA," 64150 ",NA
" 6132 ",NA," 64140 ",NA
" 6132 ",NA," 64990 ",NA
" 6133 ","6154"," 64940 "," 7341 "
" 6133 ",NA," 64960 ",NA
" 6133 ",NA," 64950 ",NA
" 6133 ",NA," 64990 ",NA
" 6211 ","9211"," 62110 "," 7331 "
" 6211 ",NA," 62530 "," 7613 "
" 6211 ",NA," 62245 "," 7332 "
" 6211 ",NA," 62950 "," 7614 "
" 6211 ",NA," 62265 ",NA
" 6211 ",NA," 77170 ",NA
" 6211 ",NA," 99910 ",NA
" 6212 ","9212"," 63290 "," 7322 "
" 6212 ",NA,NA," 7613 "
" 6212 ",NA,NA," 9614 "
" 6213 ","9213"," 64990 "," 7341 "
" 7111 ","7111"," 71105 "," 7311 "
" 7111 ",NA," 71170 "," 7611 "
" 7111 ",NA," 70110 "," 7313 "
" 7111 ",NA," 71190 "," 8442 "
" 7111 ",NA," 71160 ",NA
" 7111 ",NA," 92415 ",NA
" 7112 ","7112"," 71150 "," 7311 "
" 7112 ",NA,NA," 8442 "
" 7113 ","7113"," 71220 "," 5244 "
" 7113 ",NA," 82055 "," 9314 "
" 7113 ",NA," 82020 ",NA
" 7113 ",NA," 82060 ",NA
" 7113 ",NA," 82030 ",NA
" 7113 ",NA," 82070 ",NA
" 7113 ",NA," 82080 ",NA
" 7113 ",NA," 82090 ",NA
" 7211 ","7121"," 95115 "," 8361 "
" 7211 ",NA," 95160 "," 8611 "
" 7211 ",NA," 95120 "," 8362 "
" 7211 ",NA," 95190 ",NA
" 7211 ",NA," 95125 ",NA
" 7211 ",NA," 95230 ",NA
" 7212 ","7123"," 95180 "," 8362 "
" 7212 ",NA," 95240 "," 8261 "
" 7212 ",NA," 95210 "," 8363 "
" 7212 ",NA," 95250 ",NA
" 7212 ",NA," 95220 ",NA
" 7212 ",NA," 95290 ",NA
" 7213 ","7124"," 95410 "," 8341 "
" 7213 ",NA," 95450 "," 8611 "
" 7213 ",NA," 95415 "," 8351 "
" 7213 ",NA," 95455 ",NA
" 7213 ",NA," 95420 ",NA
" 7213 ",NA," 95460 ",NA
" 7213 ",NA," 95470 ",NA
" 7213 ",NA," 95490 ",NA
" 7219 ","7129"," 95920 "," 8351 "
" 7219 ",NA," 95952 "," 8411 "
" 7219 ",NA," 95930 "," 8361 "
" 7219 ",NA," 95990 "," 8443 "
" 7219 ",NA," 95940 "," 8367 "
" 7219 ",NA,NA," 8433 "
" 7221 ","7131"," 95320 "," 8364 "
" 7221 ",NA," 95360 ",NA
" 7221 ",NA," 95330 ",NA
" 7221 ",NA," 95370 ",NA
" 7221 ",NA," 95390 ",NA
" 7222 ","7132"," 95150 "," 8363 "
" 7222 ",NA," 95490 "," 8367 "
" 7222 ",NA," 95170 "," 7223 "
" 7222 ",NA," 95970 ",NA
" 7222 ",NA," 95475 ",NA
" 7223 ","7134"," 95620 "," 8365 "
" 7223 ",NA," 95660 "," 8375 "
" 7223 ",NA," 95630 ",NA
" 7223 ",NA," 95670 ",NA
" 7223 ",NA," 95640 ",NA
" 7223 ",NA," 95690 ",NA
" 7224 ","7135"," 95720 "," 8413 "
" 7224 ",NA," 95760 "," 8611 "
" 7224 ",NA," 95730 ",NA
" 7224 ",NA," 95770 ",NA
" 7224 ",NA," 95740 ",NA
" 7224 ",NA," 95790 ",NA
" 7225 ","7136"," 87105 "," 7312 "
" 7225 ",NA," 87140 "," 8333 "
" 7225 ",NA," 87110 "," 8331 "
" 7225 ",NA," 87150 "," 8412 "
" 7225 ",NA," 87120 "," 8332 "
" 7225 ",NA," 87190 "," 8611 "
" 7225 ",NA," 87130 ",NA
" 7225 ",NA," 95950 ",NA
" 7226 ","7137"," 85110 "," 2244 "
" 7226 ",NA," 85540 "," 8322 "
" 7226 ",NA," 85125 "," 8321 "
" 7226 ",NA," 85550 "," 8611 "
" 7226 ",NA," 85510 ",NA
" 7226 ",NA," 85560 ",NA
" 7226 ",NA," 85565 ",NA
" 7226 ",NA," 85590 ",NA
" 7231 ","7133"," 95510 "," 8361 "
" 7231 ",NA," 95540 "," 8368 "
" 7231 ",NA," 95520 "," 8367 "
" 7231 ",NA," 95590 ",NA
" 7231 ",NA," 95530 ",NA
" 7232 ","7141"," 93120 "," 8366 "
" 7232 ",NA," 93190 "," 8611 "
" 7232 ",NA," 93990 ",NA
" 7232 ",NA," 95925 ",NA
" 7233 ","7143"," 55240 "," 6632 "
" 7233 ",NA," 95975 ",NA
" 7311 ","7211"," 72520 "," 9311 "
" 7311 ",NA," 72570 "," 9312 "
" 7311 ",NA," 72530 ",NA
" 7311 ",NA," 72580 ",NA
" 7311 ",NA," 72540 ",NA
" 7311 ",NA," 72590 ",NA
" 7311 ",NA," 83245 ",NA
" 7312 ","7212"," 87210 "," 8342 "
" 7312 ",NA," 87245 "," 9415 "
" 7312 ",NA," 87215 "," 9413 "
" 7312 ",NA," 87250 "," 7313 "
" 7312 ",NA," 87220 ",NA
" 7312 ",NA," 87255 ",NA
" 7312 ",NA," 87260 ",NA
" 7312 ",NA," 87265 ",NA
" 7312 ",NA," 87290 ",NA
" 7313 ","7213"," 87310 "," 8341 "
" 7313 ",NA," 87360 ",NA
" 7313 ",NA," 87320 ",NA
" 7313 ",NA," 87370 ",NA
" 7313 ",NA," 87375 ",NA
" 7313 ",NA," 87380 ",NA
" 7313 ",NA," 87390 ",NA
" 7314 ","7214"," 87420 "," 8343 "
" 7314 ",NA," 87460 "," 9393 "
" 7314 ",NA," 87430 "," 8411 "
" 7314 ",NA," 87465 ",NA
" 7314 ",NA," 87440 ",NA
" 7314 ",NA," 87470 ",NA
" 7314 ",NA," 87490 ",NA
" 7314 ",NA," 95960 ",NA
" 7315 ","7215"," 97205 "," 2231 "
" 7315 ",NA," 97250 "," 8343 "
" 7315 ",NA," 97210 "," 8323 "
" 7315 ",NA," 97260 "," 8371 "
" 7315 ",NA," 97220 "," 8324 "
" 7315 ",NA," 97270 "," 7316 "
" 7315 ",NA," 97230 ",NA
" 7315 ",NA," 97290 ",NA
" 7316 ","7142"," 93930 "," 8384 "
" 7316 ",NA," 93990 "," 9396 "
" 7316 ",NA," 93960 "," 8612 "
" 7321 ","7221"," 83110 "," 8344 "
" 7321 ",NA," 83140 "," 8612 "
" 7321 ",NA," 83120 "," 8426 "
" 7321 ",NA," 83150 "," 9414 "
" 7321 ",NA," 83130 ",NA
" 7321 ",NA," 83190 ",NA
" 7322 ","7222"," 83225 "," 8311 "
" 7322 ",NA," 83290 "," 8426 "
" 7322 ",NA," 83240 "," 8312 "
" 7322 ",NA," 83230 "," 9312 "
" 7322 ",NA," 83245 "," 8372 "
" 7322 ",NA," 83920 "," 9413 "
" 7322 ",NA," 83250 "," 8414 "
" 7323 ","7224"," 72930 "," 8311 "
" 7323 ",NA," 83540 "," 9416 "
" 7323 ",NA," 72940 "," 8372 "
" 7323 ",NA," 83550 "," 9612 "
" 7323 ",NA," 83465 "," 9411 "
" 7323 ",NA," 83560 "," 9616 "
" 7323 ",NA," 83520 ",NA
" 7323 ",NA," 83590 ",NA
" 7323 ",NA," 83990 ",NA
" 7411 ","7231"," 84115 "," 8373 "
" 7411 ",NA," 84340 "," 8384 "
" 7411 ",NA," 84310 "," 8381 "
" 7411 ",NA," 84350 "," 8394 "
" 7411 ",NA," 84320 "," 8383 "
" 7411 ",NA," 84360 ",NA
" 7411 ",NA," 84330 ",NA
" 7411 ",NA," 84390 ",NA
" 7412 ","7232"," 84120 "," 2244 "
" 7412 ",NA," 84430 "," 8374 "
" 7412 ",NA," 84185 "," 8371 "
" 7412 ",NA," 84440 ",NA
" 7412 ",NA," 84410 ",NA
" 7412 ",NA," 84490 ",NA
" 7413 ","7233"," 75230 "," 2243 "
" 7413 ",NA," 84914 "," 8394 "
" 7413 ",NA," 75330 "," 8311 "
" 7413 ",NA," 84918 "," 8414 "
" 7413 ",NA," 81205 "," 8371 "
" 7413 ",NA," 84922 "," 8482 "
" 7413 ",NA," 84105 "," 8372 "
" 7413 ",NA," 84926 "," 8612 "
" 7413 ",NA," 84110 ",NA
" 7413 ",NA," 84934 ",NA
" 7413 ",NA," 84525 ",NA
" 7413 ",NA," 84938 ",NA
" 7413 ",NA," 84530 ",NA
" 7413 ",NA," 84942 ",NA
" 7413 ",NA," 84535 ",NA
" 7413 ",NA," 84945 ",NA
" 7413 ",NA," 84555 ",NA
" 7413 ",NA," 84946 ",NA
" 7413 ",NA," 84560 ",NA
" 7413 ",NA," 84950 ",NA
" 7413 ",NA," 84540 ",NA
" 7413 ",NA," 84954 ",NA
" 7413 ",NA," 84545 ",NA
" 7413 ",NA," 84958 ",NA
" 7413 ",NA," 84550 ",NA
" 7413 ",NA," 84966 ",NA
" 7413 ",NA," 84565 ",NA
" 7413 ",NA," 84974 ",NA
" 7413 ",NA," 84590 ",NA
" 7413 ",NA," 98230 ",NA
" 7414 ","7123"," 83310 "," 2243 "
" 7414 ",NA," 83380 "," 8312 "
" 7414 ",NA," 83320 "," 8311 "
" 7414 ",NA," 83385 "," 8371 "
" 7414 ",NA," 83330 ",NA
" 7414 ",NA," 84930 ",NA
" 7414 ",NA," 84978 ",NA
" 7414 ",NA," 84990 ",NA
" 7421 ","7241"," 85120 "," 8321 "
" 7421 ",NA," 85180 "," 8391 "
" 7421 ",NA," 85130 "," 8326 "
" 7421 ",NA," 85190 "," 8392 "
" 7421 ",NA," 85135 "," 8371 "
" 7421 ",NA," 85340 "," 8393 "
" 7421 ",NA," 85140 "," 8375 "
" 7421 ",NA," 85350 "," 9384 "
" 7421 ",NA," 85150 "," 8382 "
" 7421 ",NA," 85370 "," 9387 "
" 7421 ",NA," 85160 ",NA
" 7421 ",NA," 85545 ",NA
" 7422 ","7242"," 84965 "," 2242 "
" 7422 ",NA," 85290 "," 8411 "
" 7422 ",NA," 85210 "," 8393 "
" 7422 ",NA," 85390 "," 8414 "
" 7422 ",NA," 85220 ",NA
" 7422 ",NA," 85420 ",NA
" 7422 ",NA," 85430 ",NA
" 7422 ",NA," 85490 ",NA
" 7422 ",NA," 85570 ",NA
" 7423 ","7244"," 85620 "," 2244 "
" 7423 ",NA," 85730 "," 8325 "
" 7423 ",NA," 85630 "," 8323 "
" 7423 ",NA," 85740 "," 8326 "
" 7423 ",NA," 85640 "," 8324 "
" 7423 ",NA," 85745 "," 8612 "
" 7423 ",NA," 85690 ",NA
" 7423 ",NA," 85790 ",NA
" 7511 ","7311"," 84220 "," 2242 "
" 7511 ",NA," 84250 "," 3234 "
" 7511 ",NA," 84225 "," 2243 "
" 7511 ",NA," 84260 "," 8392 "
" 7511 ",NA," 84230 "," 2244 "
" 7511 ",NA," 84290 "," 8414 "
" 7511 ",NA," 84235 ",NA
" 7511 ",NA," 84990 ",NA
" 7511 ",NA," 94955 ",NA
" 7512 ","7312"," 94120 "," 8414 "
" 7512 ",NA," 94160 "," 9397 "
" 7512 ",NA," 94130 ",NA
" 7512 ",NA," 94170 ",NA
" 7512 ",NA," 94140 ",NA
" 7512 ",NA," 94180 ",NA
" 7512 ",NA," 94190 ",NA
" 7521 ","7341"," 92110 "," 9371 "
" 7521 ",NA," 92150 "," 8425 "
" 7521 ",NA," 92120 "," 9372 "
" 7521 ",NA," 92155 ",NA
" 7521 ",NA," 92125 ",NA
" 7521 ",NA," 92160 ",NA
" 7521 ",NA," 92170 ",NA
" 7521 ",NA," 92180 ",NA
" 7521 ",NA," 92190 ",NA
" 7521 ",NA," 92225 ",NA
" 7522 ","7342"," 92320 "," 9372 "
" 7522 ",NA," 92390 ",NA
" 7522 ",NA," 92330 ",NA
" 7523 ","7343"," 16150 "," 5244 "
" 7523 ",NA," 92490 "," 9372 "
" 7523 ",NA," 83130 "," 9371 "
" 7523 ",NA," 92510 "," 8425 "
" 7523 ",NA," 92415 ",NA
" 7523 ",NA," 92520 ",NA
" 7523 ",NA," 92530 ",NA
" 7523 ",NA," 92540 ",NA
" 7523 ",NA," 92550 ",NA
" 7523 ",NA," 92560 ",NA
" 7523 ",NA," 92570 ",NA
" 7523 ",NA," 92580 ",NA
" 7523 ",NA," 92590 ",NA
" 7524 ","7344"," 92710 "," 9372 "
" 7524 ",NA," 92750 "," 9616 "
" 7524 ",NA," 92720 "," 9374 "
" 7524 ",NA," 92790 ",NA
" 7524 ",NA," 92730 ",NA
" 7524 ",NA," 94970 ",NA
" 7525 ","7345"," 92620 "," 9373 "
" 7525 ",NA," 92650 "," 9616 "
" 7525 ",NA," 92640 ",NA
" 7525 ",NA," 92690 ",NA
" 7526 ","7346"," 92920 "," 8425 "
" 7526 ",NA," 92990 "," 9371 "
" 7526 ",NA," 92930 "," 9343 "
" 7526 ",NA,NA," 9373 "
" 7611 ","7321"," 89210 "," 5244 "
" 7611 ",NA," 89245 "," 9314 "
" 7611 ",NA," 89215 "," 9312 "
" 7611 ",NA," 89250 "," 9611 "
" 7611 ",NA," 89220 "," 7612 "
" 7611 ",NA," 89255 ",NA
" 7611 ",NA," 89260 ",NA
" 7611 ",NA," 89270 ",NA
" 7611 ",NA," 89290 ",NA
" 7612 ","7322"," 89120 "," 9313 "
" 7612 ",NA," 89164 ",NA
" 7612 ",NA," 89124 ",NA
" 7612 ",NA," 89168 ",NA
" 7612 ",NA," 89172 ",NA
" 7612 ",NA," 89176 ",NA
" 7612 ",NA," 89180 ",NA
" 7612 ",NA," 89190 ",NA
" 7613 ","7323"," 89420 "," 5244 "
" 7613 ",NA," 89440 "," 9313 "
" 7613 ",NA," 89430 ",NA
" 7613 ",NA," 89490 ",NA
" 7614 ","7324"," 89520 "," 5223 "
" 7614 ",NA," 89590 "," 9314 "
" 7614 ",NA," 89530 "," 5244 "
" 7614 ",NA," 93940 "," 9393 "
" 7614 ",NA," 89540 "," 9313 "
" 7614 ",NA," 93950 "," 9396 "
" 7614 ",NA," 89550 ",NA
" 7614 ",NA," 93970 ",NA
" 7614 ",NA," 93990 ",NA
" 7621 ","7424"," 94220 "," 5244 "
" 7621 ",NA," 94240 "," 9397 "
" 7621 ",NA," 94230 "," 9393 "
" 7621 ",NA," 94290 ",NA
" 7622 ","7331"," 94990 "," 5244 "
" 7622 ",NA," 94250 ",NA
" 7631 ","7332"," 75490 ",NA
" 7631 ",NA," 80340 ",NA
" 7631 ",NA," 52441 ",NA
" 7631 ",NA," 80360 ",NA
" 7631 ",NA," 80390 ",NA
" 7632 ","7436"," 79530 "," 5244 "
" 7632 ",NA," 79435 "," 9342 "
" 7632 ",NA," 79550 "," 8422 "
" 7632 ",NA," 79470 ",NA
" 7632 ",NA," 79590 ",NA
" 7632 ",NA," 79920 ",NA
" 7641 ","7313"," 72460 "," 5244 "
" 7641 ",NA," 88040 "," 9415 "
" 7641 ",NA," 72490 "," 8424 "
" 7641 ",NA," 88050 "," 9416 "
" 7641 ",NA," 88055 "," 9397 "
" 7641 ",NA," 87265 ",NA
" 7641 ",NA," 88060 ",NA
" 7641 ",NA," 88010 ",NA
" 7641 ",NA," 88070 ",NA
" 7641 ",NA," 88080 ",NA
" 7641 ",NA," 88090 ",NA
" 7642 ","<NA>"," 59980 "," 5244 "
" 7649 ","<NA>"," 94960 "," 5211 "
" 7649 ",NA,NA," 9321 "
" 7649 ",NA,NA," 9397 "
" 7711 ","7411"," 77310 "," 6351 "
" 7711 ",NA," 77390 "," 9363 "
" 7711 ",NA," 77320 "," 9361 "
" 7711 ",NA," 77450 "," 9365 "
" 7711 ",NA," 77330 "," 9362 "
" 7711 ",NA," 77460 "," 9615 "
" 7711 ",NA," 77340 ",NA
" 7711 ",NA," 77940 ",NA
" 7712 ","5122"," 77610 "," 6352 "
" 7712 ",NA," 77645 "," 9615 "
" 7712 ",NA," 77615 "," 9361 "
" 7712 ",NA," 77650 ",NA
" 7712 ",NA," 77620 ",NA
" 7712 ",NA," 77655 ",NA
" 7712 ",NA," 77660 ",NA
" 7712 ",NA," 77665 ",NA
" 7712 ",NA," 77690 ",NA
" 7712 ",NA," 77840 ",NA
" 7713 ","7413"," 77510 "," 9361 "
" 7713 ",NA," 77550 "," 7714 "
" 7713 ",NA," 77520 ",NA
" 7713 ",NA," 77560 ",NA
" 7713 ",NA," 77590 ",NA
" 7714 ","7414"," 77410 "," 9361 "
" 7714 ",NA," 77455 "," 9615 "
" 7714 ",NA," 77420 "," 9665 "
" 7714 ",NA," 77490 ",NA
" 7714 ",NA," 77425 ",NA
" 7714 ",NA," 77920 ",NA
" 7714 ",NA," 77990 ",NA
" 7715 ","7415"," 77165 "," 6322 "
" 7715 ",NA," 77720 "," 9365 "
" 7715 ",NA," 77170 "," 9361 "
" 7715 ",NA," 77860 ",NA
" 7716 ","7416"," 78120 "," 9364 "
" 7716 ",NA," 78220 ",NA
" 7716 ",NA," 78130 ",NA
" 7716 ",NA," 78290 ",NA
" 7716 ",NA," 78390 ",NA
" 7716 ",NA," 78920 ",NA
" 7716 ",NA," 78930 ",NA
" 7716 ",NA," 78990 ",NA
" 7721 ","7431"," 75115 "," 9341 "
" 7721 ",NA," 75145 "," 9343 "
" 7721 ",NA," 75120 ",NA
" 7721 ",NA," 75150 ",NA
" 7721 ",NA," 75125 ",NA
" 7721 ",NA," 75155 ",NA
" 7721 ",NA," 75175 ",NA
" 7721 ",NA," 75180 ",NA
" 7721 ",NA," 75190 ",NA
" 7722 ","7432"," 75220 "," 5244 "
" 7722 ",NA," 75490 "," 9342 "
" 7722 ",NA," 75250 ",NA
" 7722 ",NA," 75540 ",NA
" 7722 ",NA," 75280 ",NA
" 7722 ",NA," 75550 ",NA
" 7722 ",NA," 75590 ",NA
" 7722 ",NA," 75920 ",NA
" 7722 ",NA," 75925 ",NA
" 7722 ",NA," 75930 ",NA
" 7722 ",NA," 75940 ",NA
" 7722 ",NA," 75990 ",NA
" 7723 ","7433"," 79120 "," 6643 "
" 7723 ",NA," 79390 "," 9351 "
" 7723 ",NA," 79130 "," 8422 "
" 7723 ",NA," 79510 "," 9397 "
" 7723 ",NA," 79140 ",NA
" 7723 ",NA," 79525 ",NA
" 7723 ",NA," 79920 ",NA
" 7723 ",NA," 79990 ",NA
" 7724 ","7434"," 79220 "," 8422 "
" 7724 ",NA," 79290 ",NA
" 7724 ",NA," 79240 ",NA
" 7724 ",NA," 79540 ",NA
" 7725 ","7437"," 79620 "," 8411 "
" 7725 ",NA," 79650 "," 8612 "
" 7725 ",NA," 79630 "," 8421 "
" 7725 ",NA," 79690 ",NA
" 7725 ",NA," 79640 ",NA
" 7731 ","7441"," 76120 "," 9354 "
" 7731 ",NA," 76190 "," 9616 "
" 7731 ",NA," 76125 "," 9355 "
" 7731 ",NA," 76260 ",NA
" 7731 ",NA," 76130 ",NA
" 7731 ",NA," 76220 ",NA
" 7731 ",NA," 76240 ",NA
" 7731 ",NA," 76250 ",NA
" 7731 ",NA," 76290 ",NA
" 7732 ","7442"," 80110 "," 8423 "
" 7732 ",NA," 80230 "," 9353 "
" 7732 ",NA," 80120 "," 8612 "
" 7732 ",NA," 80240 ",NA
" 7732 ",NA," 80130 ",NA
" 7732 ",NA," 80245 ",NA
" 7732 ",NA," 80255 ",NA
" 7732 ",NA," 80290 ",NA
" 7732 ",NA," 80360 ",NA
" 7741 ","7421"," 73120 "," 9331 "
" 7741 ",NA," 73190 "," 9335 "
" 7741 ",NA," 73130 ",NA
" 7741 ",NA," 73270 ",NA
" 7742 ","7422"," 81110 "," 5244 "
" 7742 ",NA," 81945 "," 9392 "
" 7742 ",NA," 81120 "," 8352 "
" 7742 ",NA," 81950 "," 9412 "
" 7742 ",NA," 81130 "," 8611 "
" 7742 ",NA," 81965 ",NA
" 7742 ",NA," 81190 ",NA
" 7742 ",NA," 81990 ",NA
" 7742 ",NA," 95445 ",NA
" 7743 ","7423"," 81205 "," 9331 "
" 7743 ",NA," 81260 "," 9393 "
" 7743 ",NA," 81210 "," 9392 "
" 7743 ",NA," 81270 "," 9412 "
" 7743 ",NA," 81220 ",NA
" 7743 ",NA," 81280 ",NA
" 7743 ",NA," 81290 ",NA
" 7743 ",NA," 81955 ",NA
" 8111 ","8111"," 71120 "," 7311 "
" 8111 ",NA," 71140 "," 8442 "
" 8111 ",NA," 71130 "," 7313 "
" 8112 ","8112"," 71230 "," 9231 "
" 8112 ",NA," 71260 "," 9314 "
" 8112 ",NA," 71240 "," 9311 "
" 8112 ",NA," 71270 "," 9611 "
" 8112 ",NA," 71245 ",NA
" 8112 ",NA," 71280 ",NA
" 8112 ",NA," 71290 ",NA
" 8113 ","8113"," 71320 "," 7312 "
" 8113 ",NA," 71360 "," 8443 "
" 8113 ",NA," 71330 "," 7314 "
" 8113 ",NA," 71380 ",NA
" 8113 ",NA," 71340 ",NA
" 8113 ",NA," 71390 ",NA
" 8121 ","8121"," 72115 "," 9231 "
" 8121 ",NA," 72150 "," 9311 "
" 8121 ",NA," 72120 "," 8122 "
" 8121 ",NA," 72160 ",NA
" 8121 ",NA," 72125 ",NA
" 8121 ",NA," 72170 ",NA
" 8121 ",NA," 72190 ",NA
" 8121 ",NA," 72560 ",NA
" 8122 ","8122"," 72190 "," 9231 "
" 8122 ",NA," 72275 "," 9312 "
" 8122 ",NA," 72360 "," 9311 "
" 8122 ",NA," 72220 "," 9611 "
" 8122 ",NA," 72280 ",NA
" 8122 ",NA," 72370 ",NA
" 8122 ",NA," 72230 ",NA
" 8122 ",NA," 72290 ",NA
" 8122 ",NA," 72390 ",NA
" 8122 ",NA," 72320 ",NA
" 8122 ",NA," 72420 ",NA
" 8122 ",NA," 72330 ",NA
" 8122 ",NA," 72430 ",NA
" 8122 ",NA," 72340 ",NA
" 8122 ",NA," 72440 ",NA
" 8122 ",NA," 72350 ",NA
" 8122 ",NA," 72450 ",NA
" 8123 ","8123"," 72190 "," 9311 "
" 8123 ",NA," 72640 ",NA
" 8123 ",NA," 72620 ",NA
" 8123 ",NA," 72650 ",NA
" 8124 ","8124"," 72730 "," 9311 "
" 8124 ",NA," 72750 "," 9416 "
" 8124 ",NA," 72740 "," 9414 "
" 8124 ",NA," 72790 ",NA
" 8131 ","8131"," 89128 "," 9313 "
" 8131 ",NA," 89320 ",NA
" 8131 ",NA," 89136 ",NA
" 8131 ",NA," 89330 ",NA
" 8131 ",NA," 89340 ",NA
" 8131 ",NA," 89390 ",NA
" 8131 ",NA," 89920 ",NA
" 8132 ","8131"," 89350 "," 9314 "
" 8132 ",NA," 89930 "," 9611 "
" 8132 ",NA," 89360 "," 9396 "
" 8132 ",NA," 89940 ",NA
" 8132 ",NA," 89390 ",NA
" 8132 ",NA," 89990 ",NA
" 8139 ","8139"," 89960 "," 9314 "
" 8139 ",NA," 89970 "," 9322 "
" 8141 ","8141"," 73210 "," 9381 "
" 8141 ",NA," 73250 "," 9412 "
" 8141 ",NA," 73215 ",NA
" 8141 ",NA," 73255 ",NA
" 8141 ",NA," 73220 ",NA
" 8141 ",NA," 73260 ",NA
" 8141 ",NA," 73290 ",NA
" 8141 ",NA," 81260 ",NA
" 8141 ",NA," 81280 ",NA
" 8142 ","8142"," 73320 "," 9233 "
" 8142 ",NA," 73370 "," 9332 "
" 8142 ",NA," 73330 "," 9234 "
" 8142 ",NA," 73380 "," 9333 "
" 8142 ",NA," 73340 ",NA
" 8142 ",NA," 73390 ",NA
" 8142 ",NA," 73415 ",NA
" 8143 ","8143"," 73420 "," 9234 "
" 8143 ",NA," 73480 "," 9333 "
" 8143 ",NA," 73430 ",NA
" 8143 ",NA," 73490 ",NA
" 8143 ",NA," 73440 ",NA
" 8143 ",NA," 73510 ",NA
" 8143 ",NA," 73520 ",NA
" 8143 ",NA," 73540 ",NA
" 8143 ",NA," 73550 ",NA
" 8143 ",NA," 73560 ",NA
" 8143 ",NA," 76590 ",NA
" 8151 ","8151"," 74120 "," 9321 "
" 8151 ",NA," 74150 ",NA
" 8151 ",NA," 74130 ",NA
" 8151 ",NA," 74190 ",NA
" 8152 ","8152"," 74220 "," 9231 "
" 8152 ",NA," 74250 "," 9321 "
" 8152 ",NA," 74230 "," 9311 "
" 8152 ",NA," 74270 "," 9613 "
" 8152 ",NA," 74240 "," 8153 "
" 8152 ",NA," 74290 ",NA
" 8153 ","8153"," 74320 "," 9232 "
" 8153 ",NA," 74350 "," 9321 "
" 8153 ",NA," 74330 ",NA
" 8153 ",NA," 74390 ",NA
" 8153 ",NA," 74340 ",NA
" 8153 ",NA," 74970 ",NA
" 8154 ","8154"," 74420 "," 9232 "
" 8154 ",NA," 74470 "," 9321 "
" 8154 ",NA," 74430 ",NA
" 8154 ",NA," 74480 ",NA
" 8154 ",NA," 74440 ",NA
" 8154 ",NA," 74490 ",NA
" 8154 ",NA," 96985 ",NA
" 8155 ","8155"," 74520 "," 7312 "
" 8155 ",NA," 74570 "," 9232 "
" 8155 ",NA," 74530 ",NA
" 8155 ",NA," 74580 ",NA
" 8155 ",NA," 74540 ",NA
" 8155 ",NA," 74590 ",NA
" 8155 ",NA," 97480 ",NA
" 8159 ","8159"," 74915 "," 7314 "
" 8159 ",NA," 74940 "," 9323 "
" 8159 ",NA," 74920 "," 9231 "
" 8159 ",NA," 74955 "," 9324 "
" 8159 ",NA," 74925 "," 9321 "
" 8159 ",NA," 74960 "," 9341 "
" 8159 ",NA," 74935 ",NA
" 8159 ",NA," 74990 ",NA
" 8161 ","8161"," 96110 "," 8432 "
" 8161 ",NA," 96160 ",NA
" 8161 ",NA," 96120 ",NA
" 8161 ",NA," 96170 ",NA
" 8161 ",NA," 96180 ",NA
" 8161 ",NA," 96185 ",NA
" 8161 ",NA," 96190 ",NA
" 8162 ","8162"," 96930 "," 8431 "
" 8162 ",NA," 98330 "," 8482 "
" 8162 ",NA," 98220 ",NA
" 8162 ",NA," 98390 ",NA
" 8163 ","7231"," 96960 "," 6644 "
" 8163 ",NA," 96965 "," 9324 "
" 8164 ","8163"," 96910 "," 9232 "
" 8164 ",NA," 96950 "," 9361 "
" 8164 ",NA," 96920 "," 9324 "
" 8164 ",NA," 96955 ",NA
" 8164 ",NA," 96940 ",NA
" 8164 ",NA," 96990 ",NA
" 8165 ","8163"," 96910 "," 8375 "
" 8165 ",NA," 96970 "," 8431 "
" 8165 ",NA," 96915 ",NA
" 8165 ",NA," 96980 ",NA
" 8170 ","8171"," 85390 "," 6343 "
" 8170 ",NA,NA," 9385 "
" 8170 ",NA,NA," 9381 "
" 8211 ","8211"," 83410 "," 9397 "
" 8211 ",NA," 83480 "," 9414 "
" 8211 ",NA," 83415 "," 9314 "
" 8211 ",NA," 83485 "," 9416 "
" 8211 ",NA," 83420 "," 9411 "
" 8211 ",NA," 83490 "," 8212 "
" 8211 ",NA," 83430 ",NA
" 8211 ",NA," 83940 ",NA
" 8211 ",NA," 83960 ",NA
" 8211 ",NA," 83970 ",NA
" 8211 ",NA," 83980 ",NA
" 8211 ",NA," 83985 ",NA
" 8211 ",NA," 97440 ",NA
" 8212 ","8212"," 89265 "," 9314 "
" 8212 ",NA," 94350 ",NA
" 8212 ",NA," 94320 ",NA
" 8212 ",NA," 94390 ",NA
" 8212 ",NA," 97475 ",NA
" 8221 ","8221"," 74260 "," 9321 "
" 8221 ",NA," 74490 ",NA
" 8221 ",NA," 74465 ",NA
" 8221 ",NA," 97139 ",NA
" 8222 ","8222"," 94925 "," 9321 "
" 8222 ",NA,NA," 9416 "
" 8222 ",NA,NA," 9397 "
" 8223 ","8223"," 72820 "," 9311 "
" 8223 ",NA," 72920 "," 9413 "
" 8223 ",NA," 72830 "," 9395 "
" 8223 ",NA," 72930 "," 9612 "
" 8223 ",NA," 72840 "," 8229 "
" 8223 ",NA," 83520 ",NA
" 8223 ",NA," 90370 ",NA
" 8229 ","8229"," 94930 "," 9231 "
" 8229 ",NA," 94935 "," 9321 "
" 8229 ",NA,NA," 9232 "
" 8229 ",NA,NA," 9417 "
" 8231 ","8231"," 90115 "," 9323 "
" 8231 ",NA," 90220 "," 8232 "
" 8231 ",NA," 90120 ",NA
" 8231 ",NA," 90230 ",NA
" 8231 ",NA," 90240 ",NA
" 8231 ",NA," 90250 ",NA
" 8231 ",NA," 90260 ",NA
" 8231 ",NA," 90290 ",NA
" 8231 ",NA," 90380 ",NA
" 8231 ",NA," 94950 ",NA
" 8232 ","8232"," 74970 "," 9322 "
" 8232 ",NA," 90360 "," 9616 "
" 8232 ",NA," 90320 "," 9394 "
" 8232 ",NA," 90365 ",NA
" 8232 ",NA," 90325 ",NA
" 8232 ",NA," 90370 ",NA
" 8232 ",NA," 90380 ",NA
" 8232 ",NA," 90390 ",NA
" 8232 ",NA," 93340 ",NA
" 8240 ","8240"," 73235 "," 9393 "
" 8240 ",NA," 81230 "," 9417 "
" 8240 ",NA," 81208 "," 9412 "
" 8240 ",NA," 81290 ",NA
" 8251 ","8224"," 92220 "," 1312 "
" 8251 ",NA," 92280 "," 9371 "
" 8251 ",NA," 92230 "," 8425 "
" 8251 ",NA," 92290 "," 9372 "
" 8251 ",NA," 92240 "," 9343 "
" 8251 ",NA," 92720 "," 9374 "
" 8251 ",NA," 92250 ",NA
" 8251 ",NA," 92730 ",NA
" 8251 ",NA," 92740 ",NA
" 8251 ",NA," 92750 ",NA
" 8251 ",NA," 92790 ",NA
" 8252 ","8252"," 92630 "," 9373 "
" 8252 ",NA," 92660 ",NA
" 8252 ",NA," 92640 ",NA
" 8252 ",NA," 92690 ",NA
" 8253 ","8253"," 73480 "," 9334 "
" 8253 ",NA," 91055 ",NA
" 8253 ",NA," 73490 ",NA
" 8253 ",NA," 91070 ",NA
" 8253 ",NA," 91075 ",NA
" 8253 ",NA," 91080 ",NA
" 8253 ",NA," 91090 ",NA
" 8261 ","8161"," 72240 "," 9341 "
" 8261 ",NA," 75220 ",NA
" 8261 ",NA," 72250 ",NA
" 8261 ",NA," 75225 ",NA
" 8261 ",NA," 75230 ",NA
" 8261 ",NA," 75235 ",NA
" 8261 ",NA," 75270 ",NA
" 8261 ",NA," 75280 ",NA
" 8261 ",NA," 75290 ",NA
" 8261 ",NA," 75642 ",NA
" 8262 ","8262"," 75350 "," 9342 "
" 8262 ",NA," 75475 ",NA
" 8262 ",NA," 75415 ",NA
" 8262 ",NA," 75487 ",NA
" 8262 ",NA," 75490 ",NA
" 8262 ",NA," 75520 ",NA
" 8262 ",NA," 75530 ",NA
" 8262 ",NA," 75590 ",NA
" 8262 ",NA," 75930 ",NA
" 8263 ","8263"," 79120 "," 9342 "
" 8263 ",NA," 79515 "," 9351 "
" 8263 ",NA," 79130 ",NA
" 8263 ",NA," 79520 ",NA
" 8263 ",NA," 79140 ",NA
" 8263 ",NA," 79560 ",NA
" 8263 ",NA," 80350 ",NA
" 8264 ","8264"," 56020 "," 6632 "
" 8264 ",NA," 75648 "," 9343 "
" 8264 ",NA," 56030 "," 6643 "
" 8264 ",NA," 75651 ",NA
" 8264 ",NA," 56060 ",NA
" 8264 ",NA," 75654 ",NA
" 8264 ",NA," 75657 ",NA
" 8264 ",NA," 75660 ",NA
" 8264 ",NA," 75663 ",NA
" 8264 ",NA," 75666 ",NA
" 8264 ",NA," 75678 ",NA
" 8264 ",NA," 75681 ",NA
" 8264 ",NA," 75690 ",NA
" 8265 ","8265"," 75945 "," 9342 "
" 8265 ",NA," 76230 "," 9354 "
" 8265 ",NA," 76135 ",NA
" 8265 ",NA," 76245 ",NA
" 8265 ",NA," 76155 ",NA
" 8266 ","8266"," 80215 "," 9323 "
" 8266 ",NA," 80245 "," 9353 "
" 8266 ",NA," 80220 ",NA
" 8266 ",NA," 80250 ",NA
" 8266 ",NA," 80230 ",NA
" 8266 ",NA," 80255 ",NA
" 8266 ",NA," 80290 ",NA
" 8266 ",NA," 90170 ",NA
" 8267 ","7435"," 75340 "," 5245 "
" 8267 ",NA," 79445 "," 9352 "
" 8267 ",NA," 79230 "," 8421 "
" 8267 ",NA," 79450 ",NA
" 8267 ",NA," 79250 ",NA
" 8267 ",NA," 79460 ",NA
" 8267 ",NA," 79470 ",NA
" 8267 ",NA," 79480 ",NA
" 8267 ",NA," 79490 ",NA
" 8269 ","8269"," 75950 "," 9342 "
" 8269 ",NA," 79330 "," 9616 "
" 8269 ",NA," 75990 "," 9351 "
" 8271 ","8271"," 77415 "," 9361 "
" 8271 ",NA," 97145 "," 9363 "
" 8271 ",NA," 77420 "," 9362 "
" 8271 ",NA," 97172 ",NA
" 8271 ",NA," 97139 ",NA
" 8272 ","8272"," 77510 "," 9361 "
" 8272 ",NA," 77675 ",NA
" 8272 ",NA," 77520 ",NA
" 8272 ",NA," 97139 ",NA
" 8272 ",NA," 97145 ",NA
" 8272 ",NA," 97172 ",NA
" 8273 ","8273"," 77120 "," 8453 "
" 8273 ",NA," 77160 "," 9361 "
" 8273 ",NA," 77130 "," 8274 "
" 8273 ",NA," 77190 ",NA
" 8273 ",NA," 77140 ",NA
" 8273 ",NA," 97139 ",NA
" 8273 ",NA," 97145 ",NA
" 8273 ",NA," 97172 ",NA
" 8274 ","8274"," 77615 "," 9361 "
" 8274 ",NA," 77655 ",NA
" 8274 ",NA," 77625 ",NA
" 8274 ",NA," 77670 ",NA
" 8274 ",NA," 77690 ",NA
" 8274 ",NA," 97139 ",NA
" 8274 ",NA," 97145 ",NA
" 8274 ",NA," 97172 ",NA
" 8275 ","8275"," 77425 "," 9361 "
" 8275 ",NA," 77925 ",NA
" 8275 ",NA," 77430 ",NA
" 8275 ",NA," 77930 ",NA
" 8275 ",NA," 77990 ",NA
" 8275 ",NA," 97139 ",NA
" 8275 ",NA," 97145 ",NA
" 8275 ",NA," 97172 ",NA
" 8276 ","8276"," 77215 "," 9361 "
" 8276 ",NA," 77260 ",NA
" 8276 ",NA," 77220 ",NA
" 8276 ",NA," 77270 ",NA
" 8276 ",NA," 97139 ",NA
" 8276 ",NA," 97145 ",NA
" 8276 ",NA," 97172 ",NA
" 8277 ","8277"," 62840 "," 9361 "
" 8277 ",NA," 77770 "," 8278 "
" 8277 ",NA," 77180 ",NA
" 8277 ",NA," 77790 ",NA
" 8277 ",NA," 97139 ",NA
" 8277 ",NA," 97145 ",NA
" 8277 ",NA," 97172 ",NA
" 8278 ","8278"," 74490 "," 9361 "
" 8278 ",NA," 77870 ",NA
" 8278 ",NA," 77475 ",NA
" 8278 ",NA," 77875 ",NA
" 8278 ",NA," 77890 ",NA
" 8278 ",NA," 97139 ",NA
" 8278 ",NA," 97145 ",NA
" 8278 ",NA," 97172 ",NA
" 8279 ","8279"," 78130 "," 9364 "
" 8279 ",NA," 78320 ",NA
" 8279 ",NA," 78160 ",NA
" 8279 ",NA," 97139 ",NA
" 8279 ",NA," 97142 ",NA
" 8279 ",NA," 97145 ",NA
" 8279 ",NA," 97172 ",NA
" 8281 ","8281"," 84110 "," 8371 "
" 8281 ",NA," 84150 "," 9386 "
" 8281 ",NA," 84120 "," 9381 "
" 8281 ",NA," 84160 "," 9391 "
" 8281 ",NA," 84125 "," 9384 "
" 8281 ",NA," 84165 "," 9396 "
" 8281 ",NA," 84130 "," 9385 "
" 8281 ",NA," 84170 ",NA
" 8281 ",NA," 84140 ",NA
" 8281 ",NA," 84172 ",NA
" 8282 ","8282"," 75485 "," 9383 "
" 8282 ",NA," 85360 "," 9385 "
" 8282 ",NA," 85320 "," 9384 "
" 8282 ",NA," 85390 "," 9387 "
" 8283 ","8283"," 85330 "," 8393 "
" 8283 ",NA," 85390 "," 9383 "
" 8283 ",NA,NA," 9382 "
" 8283 ",NA,NA," 9397 "
" 8284 ","8284"," 90160 "," 9394 "
" 8284 ",NA," 90350 "," 9392 "
" 8284 ",NA,NA," 9391 "
" 8285 ","8285"," 81130 "," 9392 "
" 8286 ","8286"," 80360 "," 9334 "
" 8286 ",NA," 91040 "," 9353 "
" 8286 ",NA," 91020 "," 9351 "
" 8286 ",NA," 91060 ",NA
" 8286 ",NA," 91030 ",NA
" 8290 ","8290"," 84187 "," 6612 "
" 8290 ",NA," 97163 "," 9615 "
" 8290 ",NA," 94240 "," 9397 "
" 8290 ",NA," 97166 "," 9616 "
" 8290 ",NA," 97151 "," 9613 "
" 8290 ",NA," 97172 ",NA
" 8290 ",NA," 97154 ",NA
" 8290 ",NA," 97178 ",NA
" 8290 ",NA," 97181 ",NA
" 8311 ","8311"," 97940 "," 8461 "
" 8311 ",NA," 98350 "," 8472 "
" 8311 ",NA," 98290 ",NA
" 8311 ",NA," 98960 ",NA
" 8311 ",NA," 98320 ",NA
" 8311 ",NA," 98390 ",NA
" 8311 ",NA," 98955 ",NA
" 8312 ","8312"," 98420 "," 8462 "
" 8312 ",NA," 98440 ",NA
" 8312 ",NA," 98430 ",NA
" 8312 ",NA," 98450 ",NA
" 8321 ","8321"," 98520 "," 8473 "
" 8321 ",NA," 98550 ",NA
" 8321 ",NA," 98545 ",NA
" 8321 ",NA," 98560 ",NA
" 8322 ","8322"," 98530 "," 8473 "
" 8323 ","8323"," 98540 "," 8472 "
" 8324 ","8324"," 97930 "," 6364 "
" 8324 ",NA," 98555 "," 8452 "
" 8324 ",NA," 97940 "," 8362 "
" 8324 ",NA," 98565 "," 8471 "
" 8324 ",NA," 98550 "," 8451 "
" 8324 ",NA," 98570 ",NA
" 8331 ","8331"," 62820 "," 7322 "
" 8331 ",NA," 62850 "," 8453 "
" 8331 ",NA," 62830 "," 7613 "
" 8331 ",NA,NA," 8471 "
" 8332 ","8332"," 97410 "," 8442 "
" 8332 ",NA," 97445 "," 8452 "
" 8332 ",NA," 97420 "," 8451 "
" 8332 ",NA," 97450 ",NA
" 8332 ",NA," 97425 ",NA
" 8332 ",NA," 97455 ",NA
" 8332 ",NA," 97460 ",NA
" 8332 ",NA," 97465 ",NA
" 8332 ",NA," 97490 ",NA
" 8333 ","8333"," 97320 "," 7311 "
" 8333 ",NA," 97350 "," 8491 "
" 8333 ",NA," 97325 "," 8441 "
" 8333 ",NA," 97355 "," 8492 "
" 8333 ",NA," 97327 "," 8461 "
" 8333 ",NA," 97360 ",NA
" 8333 ",NA," 97330 ",NA
" 8333 ",NA," 97390 ",NA
" 8333 ",NA," 97930 ",NA
" 8333 ",NA," 98955 ",NA
" 8333 ",NA," 98960 ",NA
" 8334 ","8334"," 97920 "," 8451 "
" 8334 ",NA," 97950 ",NA
" 8340 ","8340"," 98120 "," 8481 "
" 8340 ",NA," 98160 "," 8483 "
" 8340 ",NA," 98130 "," 8482 "
" 8340 ",NA," 98170 ",NA
" 8340 ",NA," 98140 ",NA
" 8340 ",NA," 98190 ",NA
" 8340 ",NA," 98940 ",NA
" 9111 ","<NA>"," 84370 "," 6611 "
" 9111 ",NA," 99935 "," 8612 "
" 9111 ",NA," 99930 "," 8381 "
" 9112 ","<NA>"," 84910 "," 8612 "
" 9112 ",NA," 84970 ",NA
" 9120 ","9120"," 59990 "," 6612 "
" 9120 ",NA," 99965 "," 6644 "
" 9131 ","9151"," 37040 "," 1362 "
" 9131 ",NA," 59982 "," 6642 "
" 9131 ",NA," 37090 "," 6641 "
" 9131 ",NA," 59990 ",NA
" 9131 ",NA," 45240 ",NA
" 9132 ","9141"," 55120 "," 6641 "
" 9132 ",NA," 55190 "," 6644 "
" 9132 ",NA," 55140 ",NA
" 9132 ",NA," 59945 ",NA
" 9132 ",NA," 54055 ",NA
" 9132 ",NA," 59990 ",NA
" 9133 ","5169"," 58940 "," 6367 "
" 9133 ",NA,NA," 6644 "
" 9134 ","9153",NA," 1354 "
" 9135 ","9153"," 33970 "," 1354 "
" 9141 ","9161"," 99955 "," 8621 "
" 9142 ","9162"," 99950 "," 8621 "
" 9143 ","<NA>"," 99955 ",NA
" 9210 ","9131"," 54020 "," 6631 "
" 9210 ",NA," 99960 ",NA
" 9221 ","9132"," 54030 "," 6631 "
" 9221 ",NA," 99915 "," 8484 "
" 9221 ",NA," 54050 "," 6632 "
" 9221 ",NA," 99940 ",NA
" 9221 ",NA," 52220 ",NA
" 9221 ",NA," 99960 ",NA
" 9222 ","9133"," 56010 "," 6631 "
" 9222 ",NA," 56050 "," 6632 "
" 9222 ",NA," 56025 "," 9223 "
" 9222 ",NA," 56070 ",NA
" 9222 ",NA," 56040 ",NA
" 9222 ",NA," 56090 ",NA
" 9223 ","9142"," 55230 "," 6611 "
" 9223 ",NA," 99930 "," 6632 "
" 9311 ","9311"," 71255 "," 7311 "
" 9311 ",NA," 99910 "," 7612 "
" 9311 ",NA," 71285 "," 7312 "
" 9311 ",NA,NA," 8442 "
" 9311 ",NA,NA," 9312 "
" 9312 ","9312"," 99932 "," 8611 "
" 9313 ","9313"," 95920 "," 8611 "
" 9313 ",NA," 95945 ",NA
" 9321 ","9321"," 99910 "," 8611 "
" 9322 ","9322"," 97130 "," 9611 "
" 9322 ",NA," 97190 "," 9614 "
" 9322 ",NA," 97133 "," 9612 "
" 9322 ",NA," 99920 "," 9615 "
" 9322 ",NA," 97136 "," 9613 "
" 9322 ",NA," 99945 "," 9616 "
" 9331 ","9331"," 98950 "," 8622 "
" 9331 ",NA," 98990 ",NA
" 9332 ","9332"," 62890 "," 8453 "
" 9332 ",NA," 98630 "," 8622 "
" 9332 ",NA," 98620 ",NA
" 9332 ",NA," 98690 ",NA
" 9333 ","9333"," 97112 "," 8484 "
" 9333 ",NA," 97115 "," 8492 "
" 9333 ",NA," 97117 ",NA
" 9333 ",NA," 97118 ",NA
" 9333 ",NA," 97121 ",NA
